dates,ribex,raena,rmel,rams,riag,vaccine_r
2020-03-16,-0.08207605039653092,-0.16281813138087253,-0.2046326657795062,-0.07725425521865262,-0.32713898862385055,0
2020-03-17,0.062102946101152454,0.06976153903831507,0.0031142971293587804,-0.01573406094194328,-0.08391712779306663,0
2020-03-18,-0.035029800116246124,0.07533219803786873,-0.15872164145308107,-0.10584581434752349,-0.10637968677871963,0
2020-03-19,0.019099913527322106,-0.008981332847977488,0.05183979226070202,0.09475258719228781,-0.10055381429665572,0
2020-03-20,0.007399306518428311,0.1794684756825161,0.07785772985309866,-0.05419636432409811,0.10437268260762679,0
2020-03-23,-0.03363233465704281,-0.2098396127528437,0.020279528950529088,-0.018821705172873224,-0.08805215583418276,0
2020-03-24,0.07527779274177673,0.04357882601727256,0.23089262146145942,0.044973365642731196,0.08039905999928583,0
2020-03-25,0.03296126289204896,0.030913732043614917,-0.06853054240710868,0.12011725422286149,0.07362016389314918,0
2020-03-26,0.012994300068097155,0.03174859250979681,0.03922071315328133,-0.014087746329065223,0.007504689419572946,0
2020-03-27,-0.036974517011257896,-0.07066048240304884,-0.03922071315328127,-0.05115751594237715,-0.06419729239770601,0
2020-03-30,-0.017562850293012026,-0.05385725813829926,-0.0101850250583653,-0.01297980165255939,-0.041993932894946844,0
2020-03-31,0.018668775970804494,-0.00780708456805104,0.04426433871122779,-0.009904491657314666,0.0648123447438128,0
2020-04-01,-0.03082968980615112,-0.015391176193630132,-0.015061307817100723,-0.012344468069643186,-0.06568775528678143,0
2020-04-02,-8.058394019534879e-4,0.02519025676446995,-0.02115361796618341,-0.030456768728353723,0.011324645419227057,0
2020-04-03,0.001140190290259397,0.019705058346874325,-0.008588351232554102,0.014630336683152645,-0.025884416698445628,0
2020-04-06,0.03913826883101938,0.0697081162007548,0.027122109172611965,0.05354078949629861,0.12516239368014603,0
2020-04-07,0.02277966193887493,0.04449132589558617,0.11439617110500017,0.10060989033095982,0.07478062867823226,0
2020-04-08,-0.007195231733154394,-8.707176175412147e-4,0.0060648658025608685,-0.01294053194970651,0.035040906728084964,0
2020-04-09,0.016944764997907955,0.12503145505459343,0.016147986407982158,0.027125187062387004,-0.011662665870947131,0
2020-04-14,0.005359976649028523,0.028399474521697957,-0.005047039848535779,0.02464349669706517,-0.011800896718632574,0
2020-04-15,-0.038590702898894075,-0.039156740159596866,-0.03510774786052163,-0.10549137751388823,-0.10456142990299053,0
2020-04-16,-0.01118892184363319,0.010757265637898895,-0.040841845439849665,-0.0037154890020014808,-7.994900393623002e-4,0
2020-04-17,0.016482264355210444,0.007380123637491784,0.04131814933073107,0.010238647667956208,0.07021822580949079,0
2020-04-20,-0.006463703262533701,-0.03238142584290896,-0.02020270731751958,0.011207035520845066,-0.031797408963568634,0
2020-04-21,-0.02920068748624589,-0.055521648338284976,-0.007804917669384091,-0.07219743728178175,-0.00617242549523039,0
2020-04-22,0.01271478185852108,0.015929575775497896,-0.01978303884944496,-0.0039237902870266845,-0.013245444225076532,0
2020-04-23,0.003965488720024261,0.016543703033231588,0.014873848823206663,-0.005565923330912932,0.016337069731062553,0
2020-04-24,-0.01985037170428713,-0.019181102364213318,-0.036586390753831695,-0.006298866037628951,-0.040147718424780994,0
2020-04-27,0.01766905788259394,0.01050802133645295,0.035108921881273805,0.006298866037628829,0.01554159051815828,0
2020-04-28,0.015418724890171225,0.00953625758409145,-0.024446216137233755,0.002554896261954668,-0.009535229957640527,0
2020-04-29,0.03157456547386006,-0.013026671173746398,0.0893235167480093,0.010843363453566913,0.0502151723243033,0
2020-04-30,-0.01908777225175008,0.009569433533633346,-0.032866808080351986,0.007771376254849484,-0.03241088419110275,0
2020-05-04,-0.03663359519872387,-0.053345980705292735,-0.027584618573568174,-0.047083877003145744,-0.08338160893905101,0
2020-05-05,0.01108727399654743,-0.008253160172926858,-0.03140053644744779,-0.021713807956480046,-0.0395616526745201,0
2020-05-06,-0.011327005732427524,-0.002766207375853021,-0.02928542189183878,-0.036765193824640656,0.003541144932983848,0
2020-05-07,0.008834120480322201,0.00552486659661186,0,0.010571430070445436,-0.03278892885943496,0
2020-05-08,0.007725389317130531,-0.009225157504617533,0.016546396114408935,0.018604034487422802,0.027028651859876185,0
2020-05-11,-0.016484569190040918,-0.020600026305792305,-0.025449309069363324,-0.03832651977522582,-0.0628223598320484,0
2020-05-12,0.01347257757917619,-0.010461331983614253,-0.06072325897971006,-0.01647823073238468,-0.022977698911712852,0
2020-05-13,-0.019606318915478198,-0.02517071922609236,-0.0808815166140929,-0.029506829033504205,-0.04963823245155039,0
2020-05-14,-0.013022845350912231,0.00781256891967267,0.010250315856167884,-0.007514876918076331,-0.02838884380132286,0
2020-05-15,-0.010859934849358021,0.013526718324535494,0.02195282463846698,-0.05254174951732601,-0.007094266892777568,0
2020-05-18,0.045940674704870336,0.07397086582214842,0.08759805931798598,0.13919389351819164,0.1062047375797107,0
2020-05-19,-0.02542632093638323,-0.001784095055533128,-0.03501451784510203,0.05992686623515422,0.07971423665335345,0
2020-05-20,0.011209277116592132,8.924409418064116e-4,-0.02995420334212391,0.012485711333322887,-0.030225022538910372,0
2020-05-21,3.739799685090438e-4,0.020309784191314028,0.008569032725101367,0.010969031370573937,0.04067880727697431,0
2020-05-22,0.0017035632675098515,0.014750775049102053,-0.011441772419784942,-0.005926572944903404,-0.07557623094210193,0
2020-05-25,0.02350650972698673,0.047928508429021535,0.23572233352106994,0.0462393687545877,0.12584948779964106,0
2020-05-26,0.021226290610179784,0.05354852442893615,0.1278333715098848,0.03073860393821781,0.07651895283041085,0
2020-05-27,0.024065950032531026,0.03817257350502981,-0.03252319170556006,0.058779934504495486,0.05350457695799569,0
2020-05-28,0.006889599524654591,-0.011299555253933394,-0.02468228206521909,-0.03514120200973849,-0.008720983724605997,0
2020-05-29,-0.017820967573803456,-0.02921040150073752,-0.056635342652980536,-0.03000959704183503,-0.0757942657051882,0
2020-06-01,0.017447121596655003,0.024654539302775256,0.07842087119249919,0.02441196641258794,0.06920325089072123,0
2020-06-02,0.02552518304778748,0.04173486543971638,-0.016715809189268013,0.013628128064169787,0.031461937581692516,0
2020-06-03,0.029041889945513582,0.05468168707676285,0.01961256271496837,0.03029922872652661,0.10788468582010546,0
2020-06-04,-0.007845668308231862,-0.05322291947899243,-0.01834913866819654,-0.010601119595722266,0.022124966051765123,0
2020-06-05,0.03961815776692622,0.045592004970957375,0.0687122485020876,0.07456752871717591,0.13871466190206827,0
2020-06-08,0.002980590296672994,-0.02111267634603596,-0.001966568972040827,0.0040975471365549175,0.013782362605115573,0
2020-06-09,-0.01837943072627081,-0.03842446470112575,-0.04592027050858679,-0.023698645289866812,-0.06543334435020327,0
2020-06-10,-0.01146856859671966,-0.02848770573187187,-0.050729388674991174,-0.024274010178876912,-0.07432853015595381,0
2020-06-11,-0.051664880589540475,-0.0603394671346905,-0.07751626896730568,-0.064642511205765,-0.09920717041257704,0
2020-06-12,0.002017775369861387,0.0016141811219081335,0.004208563611878227,0.0068415731390298155,0.0453110649257276,0
2020-06-15,-0.004590495966586491,0.012820672505494391,0.023975330035694697,-0.0020683150903061543,-0.03648809661088714,0
2020-06-16,0.031992752828424016,0.014229520726118643,-0.0077750220163658465,0.03898183368723135,0.05456512326831285,0
2020-06-17,-0.0022171252570875005,0.009375099623166704,-0.001378359970121382,0.013842360770082975,-0.03449756776120408,0
2020-06-18,-0.01190418158492794,-0.01173269600004959,-0.010631022241109312,-0.008282398130593146,-0.013333148722884273,0
2020-06-19,0.0032422820772929593,-0.01826168248597841,-0.004190925808098127,-0.003173346574144223,0.007688014878404694,0
2020-06-22,-0.009281972098835614,0.009569426977689326,-0.030800823814404302,-0.028818115155904177,-0.045648043020164585,0
2020-06-23,0.012540624221198038,-0.02328489000802406,-0.004823936030852823,0.015620563073957611,-0.019711797972390106,0
2020-06-24,-0.033199928151215634,-0.023008369025165263,-0.047026729605704344,-0.06486061272437799,-0.09698276027273131,0
2020-06-25,0.0103416987190414,0.009102247181573667,-0.023590837608248996,0.003430535023235689,-0.013804309635463457,0
2020-06-26,-0.012721025997489102,-0.016611677390942024,-0.03216728700707718,-0.0023572280848083533,-0.023303123541759427,0
2020-06-29,0.013793349249455786,0.005012525073125732,0.03008936418149062,0.008970542854660023,0.02607913874990403,0
2020-06-30,-0.006437211104756131,-0.010892466440223443,-0.0167806769303222,-0.013917321305529683,-0.031786906995972204,0
2020-07-01,-5.532962840994731e-4,0.019191269254918496,-0.017605149284673594,0.012640767940685705,-0.00450739508384131,0
2020-07-02,0.03683700431006988,0.029318044705247234,0.08754944533729002,0.05246354824555587,0.16289418076425569,0
2020-07-03,-0.012763488153677107,-0.0016063939197388812,-0.011406024970404337,-0.02516241990224302,-0.015723425635051854,0
2020-07-06,0.02041558276018362,0.01753029753003791,0.010912806711330634,0.010510122615167317,-0.0015860858411742024,0
2020-07-07,-0.0145034790952275,-0.017530297530038062,-0.035655295857237465,-0.004726198147557614,-0.022472855852058514,0
2020-07-08,-0.016380715487181716,-0.017843174194672892,-0.02275175698341607,-0.031383329362608084,-0.042700684894805246,0
2020-07-09,-0.01229132517793512,-0.018167279405530475,-0.03621268949480741,-0.04299400807484637,-0.015365634525820968,0
2020-07-10,0.011567678926864788,0,0.008101583604904736,0.014756395617481589,0.021277336987042955,0
2020-07-13,0.014347927721199413,0.014888637124292196,0.012296332423880911,0.05859056562339902,0,0
2020-07-14,-0.010136145961153859,-0.024097559388744385,-0.039560834750029826,-0.041251618582399154,-0.03906891295659437,0
2020-07-15,0.018275946979956926,0.04280485557693211,0.07197349962508924,0.059435774944481476,0.10426564613822702,0
2020-07-16,-0.0017243212532354836,-0.012976646109744257,-0.01764446397970883,-0.039860724368277506,-0.027596369832421034,0
2020-07-17,-0.004599413110783701,-0.012320484388040624,-0.02384218896275964,0.002104862911410871,-0.02796248230258593,0
2020-07-20,0.005040778885598148,-0.005801897678452369,-0.01621657158924528,0.004405734553217354,-0.026623249261029134,0
2020-07-21,0.0022040416335913837,-8.316507755845204e-4,0.058217495563876016,0.006884308129802448,0.032444628509273134,0
2020-07-22,-0.014028138259243449,-0.010874176625110293,-0.041464874645257464,-0.03404485680917634,-0.024765202340425792,0
2020-07-23,-7.039182693367646e-4,-0.01099380205987018,-0.0304702571474177,-0.003016029860579512,-0.022781951414290433,0
2020-07-24,-0.012289277856638844,-0.013698827351359041,0.0011043623430532275,-0.0025923108617831557,-0.05083575538070124,0
2020-07-27,-0.017158737017623608,-0.01826930309396583,-0.06615867025107637,-0.026966448229814227,-0.061797789265412365,0
2020-07-28,0.01051543351018469,0.024285625573170315,0.031343250565711335,0.018712665311651454,0.02118504357582417,0
2020-07-29,-0.00556298664617217,-0.012069060291475335,-0.020202707317519355,-0.016049570055288617,-0.028511283354669875,0
2020-07-30,-0.02951746287067507,-0.01221656528169484,0.01848695053401637,-0.039327056575856896,-0.013323278836178273,0
2020-07-31,-0.01718367148490811,-0.03211693455439293,-0.10555133714490476,-0.023793984110443905,-0.08417060483275843,0
2020-08-03,0.014091668413329001,0.023298535412402194,-0.02642757733146821,0.016854354373060196,-0.014423964434185312,0
2020-08-04,0.0066587985452742,0.024498119400095386,0.02769903331966493,-0.019217933851609158,0.06165615814939563,0
2020-08-05,0.0025744570729406475,0.020531097998011966,0.0799449607402686,0.048947975175286956,0.09905174849732021,0
2020-08-06,-0.011687892729842428,0.0033812543066705073,-0.007063007584481888,0.01609326212561374,-0.03806318892526784,0
2020-08-07,-0.0010640911607915269,-0.021322769468821192,0.007649345918488999,-0.002664255631564072,-0.004374366207188166,0
2020-08-10,0.014767042031498914,0.01624663340048894,0.04302355523803725,0.012153480851980269,0.0853866183453306,0
2020-08-11,0.029281164864292,0.04721370433550693,0.09014141621789917,0.07038291016398286,0.08073011663266741,0
2020-08-12,0.004464446441229054,-0.006493488699351295,-0.05375371930832085,-0.01943008665210207,-0.02972750254988608,0
2020-08-13,-0.006255820766217383,-0.013114991260270737,0.020895482994162752,6.259572517997151e-4,-0.04076932486586433,0
2020-08-14,-0.013356884722500647,-0.009950306100692493,-0.030688814802537122,-0.034808268652914455,-0.04620376606977051,0
2020-08-17,-0.009014088644296581,-0.03995428948795227,-0.0808175658448974,-0.02338135600416424,-0.05773140781820501,0
2020-08-18,-0.006594252920791162,0.022299371212759777,-0.004753425468427464,-0.005098093719431965,0.017527701958942498,0
2020-08-19,0.007186411510712401,8.477999588113168e-4,0.024707139133998676,-0.017711504551485013,0.0685420646518384,0
2020-08-20,-0.014339097268319714,-0.009365738879002352,-0.01640341407840414,-0.00476135130057359,-0.04847467997572009,0
2020-08-21,-0.0016027748007641418,0.014437584113555973,0.01582218767436345,0.014216667129370265,0.015023458194737686,0
2020-08-24,0.01802592214975113,0.028264575033037958,-0.008759180089881465,0.013796369098303831,0.018468247129049875,0
2020-08-25,-9.849776691625828e-5,0.004089985251525066,0.018594376523487798,0.04936881282103035,0.02395591118974072,0
2020-08-26,0.002051815453528768,0.013782115360006947,0.007456300676454707,0.012126387358132545,0.028617510769590394,0
2020-08-27,-0.004544891218427589,0,0.027059148114005775,0.009308186032555402,0.03998810792784212,0
2020-08-28,0.005947809518111904,0.03636769161738967,0.007204242851847838,0.009426278909812093,-4.1711243672146826e-4,0
2020-08-31,-0.023188417108097072,-0.029147435476523317,-0.030840683688351328,-0.04420146292709894,-0.06595779617542365,0
2020-09-01,-0.0018095274481276223,0.011919092426632362,-0.03123446506174255,0.01711974584492288,0.007988937169518363,0
2020-09-02,0.005733221076391328,0.009434071505325275,0.007609050466720825,0.03662205138935524,0.005730830934339267,0
2020-09-03,0.001299744959227364,0.009345838944059628,0.028170876966696224,0.004434617180496381,0.05182074157945651,0
2020-09-04,-0.002329260007342342,-0.022737177251226655,0.016863806052004725,0.011597770469836673,0.023511099138008598,0
2020-09-07,0.0129351356465006,0.011041137488035238,5.572583036378565e-4,0.00870953636279123,-0.0510145270937397,0
2020-09-08,-0.017911975039047196,-0.018203929894144325,-5.572583036377226e-4,-0.022119083839316184,-0.01993122271676029,0
2020-09-09,0.009430575614618986,-0.009630869099299617,-0.031137528264458415,-0.0022188813721118993,-0.035185388981225335,0
2020-09-10,-0.0030955163197810332,-0.004040409537004974,0.008588658577845357,0.0030244604771636095,-0.013692275732252747,0
2020-09-11,-0.008033093237313847,-0.017974315385958447,-0.04489241110891943,-0.022189124110273274,-0.03602756126196099,0
2020-09-14,0.001137143099643076,-0.0033030665187293723,0.011266054528639567,0.023396407983416134,0.0462691935444168,0
2020-09-15,0.012139892342738169,0.01314725582143763,-0.02085270673855344,0.010601119595722224,-0.013121735233044982,0
2020-09-16,0.010574900768006306,-0.012320484388040624,-0.0018077739180546993,0.005159805159921147,0.003469816111387178,0
2020-09-17,-0.0034654694117115777,0.016393809775676352,0.014371504837653091,0.013370254094421507,-0.022417751409445755,0
2020-09-18,-0.02231833361445406,-0.03222089580377444,-0.06572828927315988,-0.0015637610692480828,-0.1527937074369636,0
2020-09-21,-0.03487334198801843,-0.05257564085630247,-0.06424226872835359,-0.08020571652793493,-0.1354789278383357,0
2020-09-22,-0.0065512617009911706,0.007933069300058297,0.005401768705420153,-0.025546048939982864,0.03938428854827166,0
2020-09-23,8.419426297420529e-4,0.0035057090350850656,0.01271345327298515,-0.014013892579834843,-0.022049584162098648,0
2020-09-24,-0.0016243976801952585,-8.753260952766218e-4,-0.017438403001638025,-0.007081220353648693,-0.04464179033657355,0
2020-09-25,-0.0022755342343676256,0.012184667985031771,0.018103075674828915,0.008183236994102177,-0.016650727487150088,0
2020-09-28,0.024323498637086376,0.023087857406358128,0.051160395191395196,0.0529768334143425,0.02967865602007819,0
2020-09-29,-0.011536495903386764,-0.00934194479795465,-0.03403217671668748,-0.003557563655851371,-0.04370245738560925,0
2020-09-30,4.467543307046569e-4,0.017759502704916833,0.023241846698337048,-0.002308763725636696,0.03600270808430613,0
2020-10-01,0.0020970903988478456,-0.027189482773242384,-0.01608268823274598,-0.010137341194153928,-0.003387373188162816,0
2020-10-02,0.003529770321024799,0.003439401528438503,-0.016345574774742605,-0.0192891106970279,-0.023045883879992627,0
2020-10-05,0.012271703191579976,0.019550159175314188,0.033703773384500466,0.015673965877247963,4.959087629524246e-4,0
2020-10-06,0.014273449620152163,0.031485575007827664,0.07488159616554768,0.026073828067640088,0.05638689390748694,0
2020-10-07,-0.003769978602299887,-0.019770010046192985,-0.0029612103367796217,-0.0031182023303131584,-0.004697049499869156,0
2020-10-08,0.011896896761284016,0.005806777020639864,0.009445170571518648,0.04498576711244744,0.10281490545839249,0
2020-10-09,-0.006009886901565992,-0.0024845064540070577,0.015160640230681446,-0.001992489182868696,-0.03501546396767883,0
2020-10-12,1.4400621599461054e-5,8.288355391360087e-4,-0.01987207415200123,-0.01872223822917708,-0.009725982945811035,0
2020-10-13,-0.010964771716944323,-0.03370158966290403,-0.03483835804930732,-0.016390430605210855,-0.04172941039192488,0
2020-10-14,0.006003571175336249,0.03452979674958242,-0.053999307249399935,-0.02235079986576496,0.007843177461026099,0
2020-10-15,-0.01453420865092944,-0.015012817223622028,-0.0058233745931766025,-0.007846482756749179,-0.027016081814481552,0
2020-10-16,0.004814759237228243,-0.022090940632061545,-0.022310636693620316,0.005943532610662863,-0.0014174346809732823,0
2020-10-19,0.0015317400935469963,0.03544671522986916,0.004634235370898751,0.0021141234536862247,0.03849304348318828,0
2020-10-20,0.009733474488271637,0.04380263924214098,0.013123547929807428,0.0048457695158411,0.06431101573333652,0
2020-10-21,-0.016857738520879666,-0.037191011851615614,-0.01908580474422547,-0.03073231583684017,-0.054351675830578,0
2020-10-22,-0.002189858664625659,0.00983611208903477,0.025583553401745562,-0.00848843935090851,0.04190249165400922,0
2020-10-23,0.0141419163293872,0.02258163695888639,0.056042362385743616,0.019695474871753594,0.03439099271500561,0
2020-10-26,-0.014097806423910566,-0.036544869984439524,-0.031728944642865846,-0.03489230939655367,-0.07764574961902843,0
2020-10-27,-0.021654316498270005,-0.017522341982274547,-0.014004048084016443,-0.05919698932551803,-0.03815677775461286,0
2020-10-28,-0.026956370903742255,-0.038614835133585726,-0.03589292306060673,-0.05120662272155043,-0.032867926466565466,0
2020-10-29,-0.009715911730560972,-8.753260952766218e-4,0.020388736524641484,0.016224545485712172,-0.020548668227387563,0
2020-10-30,0.0062811758126347424,0.012184667985031771,0.034552381506659735,-4.8770732674045277e-4,0.05435336291234005,0
2020-11-02,0.020464273953600082,0.03735580384480704,-0.012658396871923465,4.8770732674034733e-4,0,0
2020-11-03,0.024894066249222375,0.027939384896696777,0.012029268194362126,0.04131940605019857,0.03767096783022692,0
2020-11-04,0.00447775588379318,0.01208230546559931,0.008771986072837041,0.03517195005847761,0.02405461193072954,0
2020-11-05,0.020765265864939847,0.0015999683413129655,0.019765930721800766,0.0517223654135396,0.01181374492213966,0
2020-11-06,-0.007800235658211155,-0.017742368640273034,0.007919627138063224,0.01638160272040909,-0.0021772270738655295,0
2020-11-09,0.0822526544506429,0.13880627096730042,0.31535980599858626,0.13978948679119993,0.23165128558933923,0
2020-11-10,0.03322477185439153,0.04838538880638876,-0.004881305454421386,0.06258707702405969,0.0633059153180126,0
2020-11-11,0.010615999305616783,-0.0287493930430707,0.03754260183291946,0.013354059204520298,0.07621545449328672,0
2020-11-12,-0.008724475804796922,-0.02105340919783238,0.0055543830045221825,-0.04593707818022273,-0.03364231641823484,0
2020-11-13,0.00744056435316474,0.004246333254331608,-0.007698925966682473,0.014495569352206576,0.004035392718119851,0
2020-11-16,0.025683247973999897,0.029915190772181598,0.09651948772052885,0.017742681476657148,0.09339328233513207,0
2020-11-17,-0.00651996782223132,0.0013699454197332625,-0.027269028115551635,0.004472706655998053,-0.028332128277212622,0
2020-11-18,0.005931254973373874,-0.01309015577800465,-0.007641299999958755,0.04003900764093356,0.03114982526683766,0
2020-11-19,-0.006448083123174107,-0.008356573786502886,-0.03366491964434392,-0.018978412291766934,-0.023630992852810322,0
2020-11-20,0.005996926051708979,0.01733145635163994,-0.014297972759502576,-0.01115441681834729,0.019118858857944298,0
2020-11-23,4.135938777231785e-4,0.0082135780874909,0.05720547377077921,0.0023765076538932975,0.05445392462900283,0
2020-11-24,0.020094446573698178,0.0020429220796981673,0.07603468627599758,0.026766435226156637,0.024326953224111606,0
2020-11-25,0.0026367603360826805,-0.019231382732326146,0.009225157674825908,0.016047486601705973,0.00599038124206405,0
2020-11-26,-0.007388193628456889,-0.0020826318487109368,-0.015733781302213184,-0.01836120435578841,-0.04054072186783878,0
2020-11-27,0.010567574295598427,-6.951060484443386e-4,0.02396428043872863,-0.0016558871282893973,-0.025470362228020713,0
2020-11-30,-0.013991264689897446,-0.05136647508870084,-0.016529301951210582,-0.048906197583182744,-0.04105318166727949,0
2020-12-01,0.00788030791445662,0.03170289931761418,0.056695343676545294,0.02169136518850048,0.049890576935219186,0
2020-12-02,0.00977907288297148,-0.006403394208655331,0.013901179544940979,0.0348093711885199,0.0030199062072329076,0
2020-12-03,-0.002447963954241598,0.013470561431747869,8.62440760658704e-4,0.024692629037740058,0.03554493741941129,0
2020-12-04,0.0147912585132543,-0.001409422346675295,0.008583743691391435,0.026600681797178987,-0.0021186448602852144,0
2020-12-07,-0.005699419832000136,-0.017070179969769818,0.011894787652149146,0.0074720613647544475,-0.02008368481671608,0
2020-12-08,-0.005817070341222002,-0.009369351422792417,-0.027398974188114503,-0.02735591008430474,-0.036357626088235624,0
2020-12-09,9.354605610940264e-4,-0.007997178033898352,-0.003478264376324697,-0.029437739443102,0.02219231159436221,0
2020-12-10,-0.006456508305022083,-0.006590972085474052,-0.014919100763391318,0.004585710661129903,-0.02107092095259814,0
2020-12-11,-0.014675150743221439,0,-0.02870152171249916,-0.016142666198783063,-0.043522471374868504,0
2020-12-14,0.009590321218387132,-0.0014706767356642894,-0.015589494997194496,-0.00499423382824016,0.009611257910113805,0
2020-12-15,0.001423919078950864,0.017505983355699688,0.06615458982589592,-0.007370184239172088,0.012386734781426356,0
2020-12-16,-0.0015835973426598427,0.004328946201066448,-0.014815085785140587,-0.008102677686234808,0.022924450912541326,0
2020-12-17,0.0017062530864164823,-0.004328946201066484,-0.0017574696966461973,0.021462913263324855,-0.004486827493592922,0
2020-12-18,-0.014329370539129142,-0.016035306620035387,-0.023132704110906035,-0.04408986419235072,-0.029086738301834152,0
2020-12-21,-0.0312904750343247,-0.020787704052361747,-0.02091936222374188,-0.04105316360369593,-0.09239198816667171,0
2020-12-22,0.018367393737896736,0.016369390629466334,-9.195402946786571e-4,0.05037162612070749,0.057951498186379964,0
2020-12-23,0.017416937285641962,0.02406242936678108,0.0641359562185424,0.012969447893424876,0.06829381518445363,0
2020-12-24,0.0046833162653876275,-0.0014419396406915423,0.011154126797206182,0.028415751093201453,0.02349797126730392,0
2020-12-28,0.005422012008648874,0.025642366226248672,-0.005132603226520314,-0.006613797311287157,0.018945086242449203,1
2020-12-29,0.002351407921483584,0.010493275936058382,-0.015557790030925896,0.010561138027975295,-0.020859485842578716,1
2020-12-30,-0.0024985809444346917,6.956939411027131e-4,0.013841051411871511,-0.0032883456406070303,0.014674176355449688,1
2020-12-31,-0.009945757265269205,-0.011188969877161089,-0.017331456351639976,-0.019288924950812743,-0.03430162053007524,1
2021-01-04,0.0031534258563745737,-0.02636417064470063,-0.06593810149199437,-0.02550724878555436,-0.07535429244741682,1
2021-01-05,-9.511874703165538e-4,-0.001445065264706941,-9.341429917970186e-4,0.002751979673659735,-0.0021093875532772802,1
2021-01-06,0.03148331503381866,0.020043641019114548,0.0438827262590927,0.02309102535974201,0.05459101833470281,1
2021-01-07,0.004242332929358001,-0.012838999059788308,-0.009887721006407488,-0.04778367273197544,-0.007454162955773156,1
2021-01-08,0.002608199888666261,0.01000004047636898,0.017905581331139373,0.005267773514222611,-0.0017281110291428126,1
2021-01-11,-0.005988636514529352,-0.01287573623462871,-0.024249055253314385,-0.015175798571407719,-0.02009093636549689,1
2021-01-12,-0.0013888921528706394,0.011453282210047712,0.03484050466072018,0.017973981677285266,0.036105004642116356,1
2021-01-13,0.0018195034647995635,-0.00929576242520563,-0.013256932993545814,-0.009122800112365131,-0.029070977984736325,1
2021-01-14,0.0013506778280728234,0.017800399176550494,0.016762633341174192,0.009821141639480214,0.06282121797697555,1
2021-01-15,-0.017069539010288924,-0.0028268146032413705,0.002621233479874287,-0.019383831575447225,-5.486968587593726e-4,1
2021-01-18,0.00288741674395667,-0.02363162576469939,0.013865040137171533,0.002132937156547327,-0.007160592424608579,1
2021-01-19,-0.006746310571745503,-0.015334408150218049,0,-0.005340942017824424,-0.010279295956807752,1
2021-01-20,6.217860387194297e-4,-0.00220985725290469,0.004293694874699436,0.01277069479724393,0.01551707498855624,1
2021-01-21,-0.010045228160239235,-0.025393515029385826,-0.01467441092926023,-0.026430181326480992,-0.02844586665631591,1
2021-01-22,-0.01060754396516821,-0.01141130704784829,-0.030907537463076548,-0.0076294286086118724,-0.03746835974706044,1
2021-01-25,-0.017460305315671953,-0.015420506384790396,-0.04494107916842932,-0.048188632871835425,-0.07404020081419539,1
2021-01-26,0.008523471839724326,-0.0015551869567828232,0.034120414527712604,0.022328288693537056,0.00410289355737473,1
2021-01-27,-0.014186929517191948,-0.012529513854491374,-0.0027235604670404925,0.0022430289778059696,-0.008222690225767304,1
2021-01-28,0.010110797941000348,0.03636767400313787,0,0.014826068185200731,0.047443403379048725,1
2021-01-29,-0.02230812713481533,-0.03322053535418177,-0.01834913866819643,-0.034053804388310904,-0.022665595090233845,1
2021-02-01,0.005232845498832666,0.01404081519845693,0.02016566959459442,0.011355118222940112,-0.0021708800586406067,1
2021-02-02,0.01939215464103994,0.038743857854690464,0.033901551675681416,0.03185458222422299,0.052022615453031176,1
2021-02-03,0.0077551212271996005,-0.008982073961132899,-0.02666824708216141,-0.002189763588788317,-0.0070985213776771795,1
2021-02-04,0.013610073323420098,0.0030029602822573003,0.04836107169342127,0.010178150296220247,0.03843267754811262,1
2021-02-05,0.01127494396585172,0.020037865238639995,0.027932412675593758,0.015787931230991384,0.027885203489535857,1
2021-02-08,5.232911696208891e-4,0.013863731414553665,0.04249005162095219,-0.007862763741420604,0.009950330853168092,1
2021-02-09,-0.014461036318008795,-0.023461464423805353,0.0023971245997214514,-0.0119113477634029,-0.034413803031542525,1
2021-02-10,-0.004404215627563581,-0.009690742893095091,-0.02259983191724092,-0.005096534465479552,-0.027122262626525694,1
2021-02-11,-0.003452751862128983,-0.014334413356383238,-0.010668956349567615,-0.012856026821936045,-0.004103171055688641,1
2021-02-12,0.0021624732702759547,-7.602128661017714e-4,0.002472189145389073,0.0011084797201611105,0.005564518678020066,1
2021-02-15,0.018267875843862257,0.00983740801487537,0.048986108130086414,0.031263923680231794,0.06391770931490456,1
2021-02-16,-0.0060890565956950304,0,-0.014207026644349374,-0.0053830919857272615,0.016843647329554002,1
2021-02-17,-0.003809200651420301,-0.003016661447008509,-0.0015910902322418517,-0.0321783149997642,-0.015201161332050553,1
2021-02-18,-0.007984826344555173,-0.024466030056999308,-0.009600073729019342,-0.013844898155778551,-0.003287674194191638,1
2021-02-19,0.01153643014416949,0.012307893830191067,0.037085117547517865,0.0384378057821199,0.046120774188328134,1
2021-02-22,-0.004845113610181357,0.04777023146701751,0.04246278556372142,0.01368400923507408,0.07519303764472543,1
2021-02-23,0.0170985406129401,0.03086002365739688,0.0014836797973919443,0.056999496621676714,0.021640661783939235,1
2021-02-24,0.002118426962469361,0.01890148696311785,0.03353083804771015,0.013423003440249033,0.04420352094771386,1
2021-02-25,0.005811680356021947,-0.009756133132523052,0.020575397716455113,-0.018164004572003036,-0.014672431948020037,1
2021-02-26,-0.011219476695113518,-0.013394694592646078,-0.016997576368571136,-0.02439560984679287,0.028235026820777227,1
2021-03-01,0.018442815155797366,0.0014185250605597043,0.0035650661644961446,0.07696100893000862,0.06728508265787787,1
2021-03-02,-0.0026652266335212534,-0.004261412608000322,0.015537035708990097,-0.00322574473258573,-0.01522872070182467,1
2021-03-03,-0.003176489550758979,0.012730037404226622,0.022862097225545764,-0.02287684696393187,0.06916335993677186,1
2021-03-04,0.0029610704520308903,0.003507544735859963,-0.017271586508660595,0.016393809775676352,3.976933836469129e-4,1
2021-03-05,-0.0080766022167864885,-0.01694962205722013,-0.058840500022933465,-0.03474291477383986,-0.059382848404662666,1
2021-03-08,0.018815974397283653,0.0377403912940223,0.04551164608287709,0.010716763382191513,0.031564082117940886,1
2021-03-09,0.006162752134601359,-0.0013726631793132178,0.009138903676202348,-6.66461198723258e-4,0.0020420672809948488,1
2021-03-10,0.003383915788227637,-6.870903598287757e-4,-0.03416702452057515,0.015545194925878974,-0.016039825681036523,1
2021-03-11,0.007921412152776038,-0.006896579059060329,-0.0021747018356883204,0.028471706439858652,0.023761871774946874,1
2021-03-12,0.005975362231607725,0,0.024373966479583585,0.012678442310807803,-0.002026343145232584,1
2021-03-15,-0.0010532016545503587,0.008956332598202473,0.014763009774984421,-0.0268129691946757,0.02602749524477545,1
2021-03-16,0.002579041999971738,6.855742539921954e-4,-0.005598335125420975,0.0041969713874873285,-0.003960401216096794,1
2021-03-17,-0.0067450588737050544,-0.011720210358271302,-0.03208831455150051,-0.01068842564146501,0.003960401216096914,1
2021-03-18,0.002914477660544937,-0.0020826318487109368,0.012243581105711408,0.009398902595099025,-0.006742044177973702,1
2021-03-19,-0.015376244897082702,-0.02035868181953095,-0.02684238052686417,-0.04015016043949165,-0.03853650636885415,1
2021-03-22,-0.01775950219305179,-0.028049260046224326,-0.032887866844835176,-0.01727392625952343,-0.05657472784643293,1
2021-03-23,0.00559346084730644,-0.019146431290050208,-0.032435275753153844,-0.017229922843460366,-0.04933735980552077,1
2021-03-24,0.006344370811253407,0.017686489424896888,-0.0031446566794717194,0.01140499641690645,0.03922071315328133,1
2021-03-25,-0.0040586050780295835,-0.004392327754032601,0,0.006508003621409417,-0.0013271402080625746,1
2021-03-26,0.01049238012576201,-0.01106613997935891,-7.877117382493169e-4,0.014574008044883917,0.015810606026642245,1
2021-03-29,-7.181257932525897e-4,-0.009690742893095091,-0.011890746521521674,-0.008447423242673833,-0.018026427894923893,1
2021-03-30,0.012067657075947723,0.030249491263589303,0.027528281746321506,0.02744487827014475,0.04510738649759474,1
2021-03-31,-0.0017700170939365701,0.0050742912587928195,-0.017214822618048343,-0.0033068977728187648,-0.008945746558458277,1
2021-04-01,-2.7980499258195866e-4,-0.002171575205481616,0.016128119103514013,0.001985424196327841,0.05047995558712207,1
2021-04-06,0.006623233631824402,0.007939456906627373,0.03839594126352075,0.005275317212422782,0.01694272073031192,1
2021-04-07,-0.00431746469177375,-0.006491252437932816,-0.001196530205572264,-0.014574637044051599,0.007968169649176881,1
2021-04-08,0.004688020740173643,0.012225949157758306,-0.019952294287404283,0.00896868666611042,-0.014791394997302329,1
2021-04-09,-0.008370390152331231,-0.011502578420971283,-0.023167059281534303,-0.028511087893095685,-0.0195207499914765,1
2021-04-12,-0.003883432234865029,-0.01787388032397048,-0.01447932126483425,-0.0034082684372497866,-0.02032843285882874,1
2021-04-13,-8.793683588219044e-4,0.00988831338717964,-6.343165452138862e-4,-0.008227746106474953,-0.019040135166950675,1
2021-04-14,0.007397793635442885,0.011234059200648612,0.03491626510622788,0.022801754151358825,0.02821833893780074,1
2021-04-15,-0.0019581337259033525,-0.0061450113370784265,0.013390340059584258,-0.006074892070233797,-0.007921659102902217,1
2021-04-16,0.004876372553252171,0.005423987497888573,-0.0018154316635085382,-0.011576567434825897,0.006259148329288633,1
2021-04-19,0.011301817714987708,0.017161729929704654,0.03452723919546287,0.011914966490348337,0.013223333174689433,1
2021-04-20,-0.02935426228127007,-0.046064397572455514,-0.056573447458834025,-0.05138233744997933,-0.08076135664445847,1
2021-04-21,0.007114548161432087,0.005183255020424301,0.0319905421330218,0.025673979858497727,0.0017785687214031676,1
2021-04-22,0.0159522732502208,0.009555405619009489,0.014290210430984317,0.021978958424693593,0.02370611452401687,1
2021-04-23,-0.004422503624511038,-0.022564324092487976,0.012046568480924148,-0.005791193058239863,-0.017064513842797346,1
2021-04-26,0.009618824428904112,0.02402629077524209,0.021953510215872423,0.01962173880289855,0.038524564862566425,1
2021-04-27,0.006277706360230956,0.011980604495029227,-0.0065931154696436374,-0.012133633761844866,-0.0021253993123134776,1
2021-04-28,0.004887077557497275,0.013620239228517721,0.01314304633337632,-0.010567662597521489,-0.0064034370352070245,1
2021-04-29,0.0026784166388465905,0.016943638488543446,-0.009411163144764747,-0.004120919293307803,-0.011197360748502189,1
2021-04-30,-9.298222607913944e-4,0.012867442226006422,-0.023776127247266538,-0.024735593125910338,0.0025951571658390645,1
2021-05-03,0.008888366990511818,0.025922345337866404,0.02835017753197351,0.03364281215479934,0.02811087996652828,1
2021-05-04,-0.007142824858391716,-0.012536203733035389,-0.01003304961939351,-0.026963212878012476,-0.015235165606482859,1
2021-05-05,0.015440004278255785,0.015897551435740138,0.02194132756768393,0.006287079683320396,0.0063762171392758435,1
2021-05-06,0.0016045006227731159,-0.006734032181344068,-0.028589711645886404,-0.007338823845971826,0.00969857907908641,1
2021-05-07,0.0085359745775399,0.015421042954893362,0.03645050450982104,0.03447428603026737,0.0252758431927437,1
2021-05-10,0.009349875567993363,-0.03693455108148905,-0.0028003378703190854,0.004058138881047205,0,1
2021-05-11,-0.017329348534959817,-0.005538283280880119,-0.042388934747549414,-0.006093383782442703,-0.0747376554438433,1
2021-05-12,0.0022784242673242715,0.01173234287396252,-0.009997142949422326,0.0016963192923215341,-0.006191970247920995,1
2021-05-13,-0.00461781503688641,-0.006884708777497144,-0.018792499349367286,-0.0040761266368030775,-0.0062305497506359745,1
2021-05-14,0.019810872836562486,0.016784069461236232,0.033168572080945355,0.048174105189088004,0.024256977645559962,1
2021-05-17,0.0010928246696955304,-0.022673613716641613,-0.022982744051909837,-0.02496026152548961,-0.030526590659155393,1
2021-05-18,0.0030863223604405353,-3.474404900284854e-4,0.02064970129054354,-0.006004020804725696,0.026159771492815006,1
2021-05-19,-0.012402533435619765,-0.014000928154608915,-0.017079331535251138,-0.02027776458685691,-0.010558831050335248,1
2021-05-20,0.005891702670671436,0.004571796155643398,-0.009849355850335103,0.019273613874866747,-0.012013492648823903,1
2021-05-21,0.008697009347375245,-0.0010531438350282806,0.00299491089385294,0.0033433164153277304,0.019504164377981553,1
2021-05-24,1.6295934200497884e-4,0.011871626482962432,0.023057480247546544,0.016879451316853193,0.0021925025226679218,1
2021-05-25,3.4757904207932623e-4,-0.011871626482962427,0.020249462507354057,-0.004935032304628675,0.02209316631670589,1
2021-05-26,-0.001282197292228303,7.021840102191263e-4,-0.00805064727716702,0.009845878604524587,0.006831794291703272,1
2021-05-27,-0.001175083853868012,-0.007044763345227837,0.014046382583501266,0.004561721749512959,0.0017006806820174724,1
2021-05-28,0.004182356755126001,0.010898353721239085,-0.020417675494342275,0.007772059847702889,0.002545610199433596,1
2021-05-31,-0.008240089947493525,0.0034904049397685676,0.004637689471751125,-0.004202333577168931,0.006335818449085924,1
2021-06-01,0.0044496166569768375,0.01487140701112216,0.023436339884584313,0.0025881605328048935,0.01005454637095309,1
2021-06-02,-9.798371868867456e-4,-0.00654382930591018,0.0014114328384078085,0.02236510135161439,0.012015889339694299,1
2021-06-03,-0.004180499866750453,-0.020244977650302406,-0.01879326381428577,-0.014640586141905913,-0.049387541905008166,1
2021-06-04,-0.005935125280898209,-0.008854316557327581,8.619451761924364e-4,-0.01096078009163878,-0.006947487779735154,1
2021-06-07,0.00825122136705385,0.00744290493524214,0.00943268391663083,0.003236264881930102,0.023682484643559105,1
2021-06-08,-0.0010918700915428623,-0.01853229050180811,0.0034081259912867737,0.010605900220982704,-0.016734996863823976,1
2021-06-09,2.7307931012637105e-4,0.041914901540180606,0.019096339919095043,0.031159089896372505,0.028579466976346425,1
2021-06-10,-0.0024384841649662814,-0.025857464644321905,-0.033949512156254566,-0.013728780264136086,-0.014400926553823993,1
2021-06-11,0.007765017723189096,-0.005679837836212482,0.01994368096733533,0.031542457974516616,0.009764458817080816,1
2021-06-14,0.008233217442542129,0.018692196300787774,-0.005374076008412373,-0.0030487371872570676,-0.038764543450244306,1
2021-06-15,-0.005445125710041093,-0.005254872617448672,-0.018028818555393487,-0.015384918839479456,-0.0017582422111963897,1
2021-06-16,-0.003092299324305654,0.005254872617448592,0.007193240626448343,-0.011852883435066002,0.008324253982086877,1
2021-06-17,-6.848320256504013e-4,0.013879472749808391,0.0017187056651316857,0.0028199298022466433,0.02286060304574972,1
2021-06-18,-0.01813900796058605,-0.020188704968840027,-0.030512319086950634,-0.013862808756339648,-0.012012156448003545,1
2021-06-21,0.0023338398108962433,0.0056101339878134055,-0.0014764508809373999,-9.522457396891515e-4,0.0012939402279792801,1
2021-06-22,1.767036734783772e-4,-0.0028010802039762557,0.018445845790751432,0.013249405177218825,-0.013015368112070248,1
2021-06-23,-0.011017826309126288,0,-0.01284689201595961,-0.006602727861176341,-0.008771986072836994,1
2021-06-24,0.013312674307251134,0.03140888384883022,0.003227228853480245,0.012227742692789796,-0.010183838290119292,1
2021-06-25,0.0023006533805857068,0.0060976409062634745,-0.0216144609976294,-0.003746507689677865,-0.022958469555907742,1
2021-06-28,-0.020135371060461413,-0.0424275329283267,-0.06651593137533472,-0.04281805923513531,-0.06441709560163178,1
2021-06-29,1.569835343107407e-4,-0.022448789256154025,-0.017750990540599483,-0.03792866536976755,-0.015170342316715716,1
2021-06-30,-0.010588487152194044,-0.003248492263857616,0.015829760362705718,0.005748113882601189,-0.0019743343037176295,1
2021-07-01,0.012515961393805494,0.00971398906394428,0.029994355868191616,0.0016843191060288139,0.037813521029540165,1
2021-07-02,-0.0027690976512835773,0.007846017593169191,0.0055831410537133894,0.007377682754438877,0.006165540043482175,1
2021-07-05,0.004346459402308023,0.0024836343620010443,0.016260520871780326,-0.005696128605362722,0.0425793147763579,1
2021-07-06,-0.0096142284491077,0.004596041226060619,-0.005186891873002718,-0.002354904348535765,-0.010018298727045818,1
2021-07-07,-7.112276207464974e-4,-0.006014566286620345,-0.025090366814104988,-0.01698410362117831,-0.033507089913633874,1
2021-07-08,-0.023354967997901887,-0.013576443190549315,-0.02863701893329181,-0.02392211472057223,0,1
2021-07-09,0.014518207993947404,-0.0025212043433377428,0.004830149464794295,0.010124052083761836,0.021073128202023172,1
2021-07-12,0.0045586281017445445,0,-0.022743020544636998,-0.004176859463088146,-0.03585289664316584,1
2021-07-13,-0.013922549075131487,-0.020401348748638276,-0.013565137703563908,-0.03441883060090332,-0.02480068759452938,1
2021-07-14,-0.004206747456977244,-0.016701074025991698,-0.0157800823532086,0.0010823923022979772,-0.010891196765450438,1
2021-07-15,-0.015280776172485364,-0.016604245624315502,-0.036179656577502356,-0.014895825195694525,-0.03417621564321239,1
2021-07-16,-0.002442267465953935,0.01847375440425004,0.018425690761933563,0.0076573209155421,0.011013045104739166,1
2021-07-19,-0.024334995697737852,-0.04079091045738417,-0.030072196148257284,-0.03549359636301484,-0.057398171685674175,1
2021-07-20,0.0067588274295028936,0.010065923047195623,-0.019355442952956204,0.012343527066926561,0.0029629651306570487,1
2021-07-21,0.024698448956183266,0.0175644295659448,0.043207854018783416,0.03038857357624062,0.053925652403864335,1
2021-07-22,0.006376243982770545,0.002268341237271388,0.0031147282492293856,0.012898799519479124,0.011150647719509741,1
2021-07-23,0.011004250844409404,0.019817504266933076,-0.01461912565724273,0.0049715834375912765,-0.009622763541456442,1
2021-07-26,0.00663147552761573,0.004064317301462671,0.029368149664433605,0.01651193305503679,0.04575636534959553,1
2021-07-27,-0.008698493511329626,0.003313067525889756,-0.005805035936292605,-0.025764668271208255,-0.0019464726340235644,1
2021-07-28,0.0039580384523651094,0.005497539838302682,0.015967725028494403,0.02122470940423438,0.039164508643791215,1
2021-07-29,0.00600453973032124,0.00619416088152862,-0.0037143382227294627,0.009059312908504162,-0.003284075201189773,1
2021-07-30,-0.01266763131130866,-0.025382985816916417,-0.016715381509216472,-0.04287632746351735,-0.07588079774150583,1
2021-08-02,0.009521477676002105,0.00668408719481268,0.014005352750351193,0.02855293848216119,0.029718755978343187,1
2021-08-03,0.001608489067098767,-0.010042903601583324,-0.02925694821111218,-0.059064401785076985,-0.013376468957703039,1
2021-08-04,0.0022886186772224336,7.47429016542798e-4,-0.009828088936262651,-0.0033651180244909495,4.986287812112266e-4,1
2021-08-05,0.004946248530640415,0.03306693480854431,0.0424714271088928,0.021856768504318815,0.03670585787175363,1
2021-08-06,0.004798067402475111,0.00576569525175958,0.004721762566904689,-0.01105394433379237,-0.01500875426118058,1
2021-08-09,-0.0014764367329173815,-0.026580804533206836,0.0016809551781264904,-0.014179323250386955,-0.03071068491593443,1
2021-08-10,0.003726409557452757,0,-0.0033647407249544924,-0.015146124597588649,-0.007067167223092443,1
2021-08-11,0.008593134292364031,0.021176359511211378,0.014056456339223346,0.0019058896927125137,0.01558211974724273,1
2021-08-12,4.0106331413270347e-4,3.6122811753117084e-4,-0.011027680677062748,-0.004580179806348125,-0.020915465722605147,1
2021-08-13,0.0022692247187096905,-0.006885310841872271,-0.0026917916657114146,0.018947137835117207,-0.003315906621988099,1
2021-08-16,-0.008166793694470105,-0.006933047216937799,-0.004389674447072418,-0.02162861813714228,-0.010788699559553947,1
2021-08-17,-0.006845618890820801,-0.00956595216309729,-0.022588229373963417,-0.021322730697211814,-0.03254880503815475,1
2021-08-18,0.011718073490181023,0.011029523575499604,0.02292658160185728,-0.0035328789732206,0.02320779264501604,1
2021-08-19,-0.0076095349974583506,0.0010962471647002177,-0.01259591121397759,0.00235661929217928,-0.02374155299929493,1
2021-08-20,0.0014704209187893253,-0.021784114872589855,-0.024624098322248423,-0.011045516854995215,-0.008848428826953691,1
2021-08-23,0.005904912840808925,0.01187402448252812,0.028726668179026162,0.015351669483737913,0.016560207506045057,1
2021-08-24,-0.002176741090790497,0.00844812370730789,0.04110854506768532,0.018576366041685628,0.018893241069169984,1
2021-08-25,0.0032132998751954788,-0.0018304966157649863,0.009126530101483425,-0.01079428389057112,-0.006519777952076799,1
2021-08-26,-0.009479614272624294,-0.0073556787855621475,-0.018006706858342367,-0.0054410939803907045,-0.010520875581815537,1
2021-08-27,0.0033118374302235016,0.006255814330048678,0.0036273741339993355,-0.001169857828288511,0.01078248447800999,1
2021-08-30,-0.006104515526645213,-0.008473132385419198,-0.013254004493174982,-0.007047719069939978,-0.006560842324181541,1
2021-08-31,-0.0024048990675612273,3.6991309217524664e-4,-0.013432035391797903,0.015981610389329604,-0.019139340210697395,1
2021-09-01,0.01624652640835522,0.021222962442508958,0.02272825107755609,0.02670891310434029,0,1
2021-09-02,-0.0011238709215919786,0.0028922217653699752,-0.008962715599291998,-0.005285006688752417,8.048290172870418e-4,1
2021-09-03,-0.013157685696594533,-0.03377711773982679,-0.0332233946276052,-0.027630268282500134,-0.024156419548034422,1
2021-09-06,0.002062380517343736,-0.0014947462179638249,-0.015283381890630816,0.010450975609993432,0.004932868320024645,1
2021-09-07,0.0013725976609157467,-7.481556568784654e-4,0.004888277890290884,0.013007069626347548,-0.009614138055733672,1
2021-09-08,-0.006293279109306129,0.013013754377101262,0.007633624855070985,0.0026570333336419054,-0.015577505536185724,1
2021-09-09,-0.0043199725246030225,-0.01713904041821301,0.011000454689821786,0.009056741151042729,-0.0059046987247384445,1
2021-09-10,-0.01203722917644682,-0.012098491618088283,-0.02702867238791926,-0.029739171618303733,-0.039988068973186595,1
2021-09-13,0.013796923635422455,0.015474949486780258,0.014298412734679336,0.006172859107081016,0.0200500687243161,1
2021-09-14,-0.004103143361228626,-0.00902938404365745,-0.013245226750020567,-0.018634059952416716,-0.04051038216350228,1
2021-09-15,-0.016606328738881994,-0.01446549031636519,-0.027028672387919374,-0.026805973139555274,-0.038789410132266486,1
2021-09-16,0.011319049369594898,-0.005768137774051166,0.03506645810451268,0.038492861124152684,0.04237793072959827,1
2021-09-17,0.0031095557493419474,0.033747369324130964,0.02032800402725252,0.021835765514998842,0.04408829613555357,1
2021-09-20,-0.012115235232645965,0.021760009608254555,0.011866557284279848,0.03938107281674973,0.10149702083278174,1
2021-09-21,0.011555730866182471,0.023793500919542094,0.004707473387249541,0.025536326904430213,0.02949616326128656,1
2021-09-22,0.005966676378728978,0.002490597240223622,0.030395468452413196,-0.008201133430858832,0.016648415337026205,1
2021-09-23,0.0077465849632655645,-0.016481942967414436,0.024748169689194174,-0.0025094115604459657,-0.009408338772693372,1
2021-09-24,-4.2825713330572754e-4,0.01896645888609156,0.022289417511520176,0.020604636217375225,0.018728985106277123,1
2021-09-27,0.014522607217154341,0.022086745329351593,0.038073732215570484,0.03421795671893569,0.06062462181643484,1
2021-09-28,-0.02627835750723782,0.0017322020974019422,-0.016270319749808887,-0.033515021710176535,-0.0350749071308329,1
2021-09-29,0.012465597609004295,0.030341493250650154,0.008469500113573784,0.012570015697641532,0.02444879651936262,1
2021-09-30,-0.009402874833728174,0.0026828252444532448,-0.03213742523881441,-0.013272950706400775,-0.034494324668999314,1
